user,ndcg@10
1,0.0
4,0.0
6,0.0
16,0.0
21,0.45749452618986164
24,0.0
25,0.0
26,0.0
30,0.0
31,0.0
33,0.0
34,0.0
37,0.0
41,0.0
45,0.0
56,0.0
59,0.0
61,0.0
70,0.0
74,0.0
79,0.0
86,0.0
88,0.0
95,0.0
105,1.0
110,0.0
113,0.0
121,0.0
124,0.0
128,0.0
131,0.0
138,0.0
139,0.0
142,0.0
146,0.0
148,0.0
167,0.0
169,0.0
177,0.0
179,0.0
181,0.0
184,0.0
189,0.0
194,0.0
200,0.43067655807339306
207,0.0
209,0.0
211,0.0
213,0.6309297535714575
214,0.0
215,0.0
220,0.0
222,0.0
230,0.0
231,0.0
236,0.0
238,0.0
239,0.0
240,0.0
256,0.0
259,0.0
263,0.0
272,0.0
273,0.0
274,0.0
276,0.0
279,0.0
281,0.0
282,0.0
288,0.0
293,0.0
294,0.0
297,0.0
298,0.0
307,0.5
309,0.0
311,0.43067655807339306
314,0.0
335,0.0
338,0.0
348,0.0
357,0.0
359,0.0
370,0.0
374,0.0
377,0.0
380,0.0
383,0.3333333333333333
387,0.0
390,0.0
400,0.43067655807339306
402,0.0
403,0.0
406,0.0
410,0.0
415,0.0
420,0.0
422,0.0
425,0.0
426,0.0
429,0.0
434,0.0
437,0.0
438,0.0
440,0.43067655807339306
451,0.0
454,0.0
458,0.0
461,0.0
465,0.0
466,0.0
468,1.0
476,0.0
478,1.0
479,0.0
486,0.0
488,0.0
496,0.0
500,0.0
501,0.0
508,0.0
516,0.0
524,0.0
529,0.0
544,0.0
546,0.0
550,0.0
551,0.0
553,0.0
556,0.0
561,0.0
562,0.0
564,0.0
565,0.0
569,0.0
572,0.0
578,0.0
584,0.0
588,0.0
599,0.0
600,0.0
604,0.0
614,0.0
617,0.0
620,0.0
623,0.0
629,0.0
632,0.0
637,0.0
641,0.0
646,0.0
651,0.0
654,0.0
662,0.0
665,0.0
669,0.43067655807339306
674,0.0
678,0.3562071871080222
682,0.0
686,0.0
691,0.0
695,0.0
696,0.0
697,0.0
699,0.0
702,0.0
705,0.0
714,0.0
715,0.0
717,0.0
720,0.0
723,0.0
726,0.0
728,0.0
729,0.0
734,0.0
737,0.5
739,0.0
747,0.0
751,0.0
759,0.0
762,0.0
763,0.0
765,0.6309297535714575
773,0.0
775,0.0
796,0.0
803,0.0
815,0.0
818,0.0
828,0.0
829,0.0
832,0.0
833,0.0
836,0.0
838,0.0
846,0.0
855,0.0
867,0.0
869,0.6309297535714575
870,0.0
873,0.0
877,0.0
879,0.0
880,0.0
884,0.0
886,0.0
891,0.0
895,0.0
909,0.0
915,0.0
916,0.0
920,0.0
922,0.0
924,0.0
936,0.0
944,0.0
948,0.0
950,0.0
952,0.43067655807339306
954,0.0
956,0.0
959,0.0
962,0.0
967,0.0
972,0.0
975,0.0
976,0.0
977,0.0
987,0.0
989,0.0
993,0.0
1000,0.0
1012,0.0
1019,0.0
1029,0.0
1035,0.0
1040,0.0
1042,0.0
1050,0.0
1053,0.0
1062,0.0
1063,0.0
1071,0.0
1073,0.0
1077,0.0
1078,0.0
1079,0.0
1089,0.0
1091,0.0
1093,0.3562071871080222
1097,0.0
1099,0.0
1109,0.0
1111,0.0
1120,0.0
1131,0.31546487678572877
1132,0.0
1141,0.0
1144,0.0
1145,0.0
1157,0.0
1160,0.0
1164,0.0
1168,0.0
1177,0.0
1178,0.0
1180,0.0
1184,0.0
1192,0.0
1193,0.0
1194,0.0
1197,0.44130740935663865
1202,0.0
1213,0.0
1218,0.0
1222,0.0
1223,0.0
1226,0.0
1227,0.0
1229,0.3333333333333333
1231,0.0
1235,0.0
1242,0.0
1247,0.0
1251,0.0
1255,0.0
1266,0.0
1274,1.0
1285,0.0
1291,0.5
1293,0.0
1300,0.0
1301,0.0
1303,0.0
1304,0.0
1309,0.0
1310,0.0
1313,0.0
1314,0.0
1318,0.0
1319,0.0
1326,0.0
1328,0.0
1331,0.0
1346,0.0
1349,1.0
1351,0.0
1352,0.0
1355,0.0
1357,0.0
1358,0.0
1366,0.0
1367,0.0
1370,0.0
1371,0.0
1380,0.0
1382,0.0
1389,0.0
1392,0.0
1395,0.0
1396,0.0
1401,1.0
1403,0.0
1406,0.0
1407,0.0
1409,0.0
1410,0.0
1414,1.0
1415,0.0
1428,0.0
1432,0.0
1434,0.0
1440,0.0
1456,0.0
1461,0.0
1463,0.0
1469,0.0
1479,0.0
1483,0.0
1497,0.0
1502,0.0
1504,0.0
1512,0.0
1513,0.0
1517,0.0
1519,0.0
1521,0.0
1522,0.0
1526,0.0
1532,0.0
1533,0.0
1535,0.0
1538,0.0
1540,0.0
1541,0.3010299956639812
1546,0.0
1547,0.0
1549,0.0
1551,0.0
1564,0.0
1566,0.0
1571,0.0
1572,0.0
1574,0.0
1575,0.0
1577,0.0
1581,0.0
1584,0.0
1590,0.0
1593,0.0
1596,0.0
1598,0.0
1599,0.0
1600,0.0
1604,0.0
1606,0.0
1608,0.0
1610,0.0
1613,0.0
1618,0.0
1620,0.0
1621,0.0
1624,0.0
1625,0.0
1628,0.0
1629,1.0
1634,0.0
1642,0.0
1648,0.0
1667,0.0
1669,0.0
1672,0.0
1675,0.0
1685,0.0
1686,0.0
1692,0.0
1693,0.0
1697,0.31546487678572877
1699,0.0
1708,0.0
1709,0.0
1718,0.0
1720,0.0
1728,0.0
1729,0.0
1733,0.0
1737,0.0
1738,0.0
1740,0.0
1743,0.0
1746,0.0
1750,0.0
1755,0.0
1771,0.0
1772,0.0
1774,0.0
1780,0.0
1783,0.0
1789,0.0
1803,0.0
1810,0.0
1815,0.0
1817,0.0
1820,0.0
1821,0.0
1825,0.0
1840,0.0
1853,0.0
1859,0.0
1861,0.0
1865,0.0
1867,0.0
1869,0.0
1872,0.0
1874,0.0
1880,0.0
1884,0.0
1890,0.0
1891,0.0
1893,0.0
1911,0.0
1912,0.0
1916,0.0
1917,0.0
1918,0.0
1920,0.0
1923,0.0
1925,0.0
1934,0.0
1941,0.0
1945,0.5
1946,0.0
1947,0.0
1949,0.0
1953,0.38685280723454163
1954,0.0
1955,0.0
1970,0.0
1972,0.2890648263178879
1980,0.0
1983,0.0
1985,0.0
1986,0.0
1990,0.0
1992,1.0
1999,0.0
2007,0.0
2010,0.0
2015,0.0
2028,0.0
2031,0.0
2033,0.43067655807339306
2034,0.0
2047,0.0
2050,0.0
2051,0.0
2052,0.0
2066,0.0
2067,0.0
2068,0.0
2072,0.0
2073,0.0
2084,0.0
2090,0.0
2094,0.0
2095,0.0
2096,0.0
2097,0.0
2102,1.0
2108,0.0
2109,0.7678329270936477
2121,0.0
2123,0.0
2125,0.0
2131,0.0
2135,0.0
2140,0.0
2141,0.0
2146,0.0
2147,0.0
2155,0.0
2158,0.0
2159,0.0
2164,0.0
2167,0.0
2169,0.0
2173,0.0
2174,0.0
2178,0.0
2179,0.0
2188,0.0
2189,0.0
2191,0.0
2197,0.0
2201,0.0
2206,0.0
2224,0.0
2230,0.0
2231,0.3562071871080222
2232,0.0
2235,0.0
2239,0.0
2242,0.0
2248,0.0
2251,0.2890648263178879
2254,0.0
2265,0.0
2275,0.0
2277,0.0
2279,0.0
2280,0.0
2281,0.0
2282,0.0
2292,0.0
2293,0.0
2295,0.0
2297,0.0
2309,0.0
2310,0.0
2322,0.0
2324,0.0
2330,0.0
2332,0.0
2334,0.0
2337,0.0
2343,0.5
2347,0.0
2348,0.0
2364,0.0
2388,0.0
2389,0.0
2391,0.0
2392,0.0
2399,0.3562071871080222
2401,0.0
2406,0.0
2418,0.0
2422,0.0
2433,0.0
2438,1.0
2449,0.0
2450,0.0
2451,0.0
2455,0.0
2458,0.0
2501,0.0
2503,0.0
2509,0.0
2510,0.0
2517,0.0
2527,0.0
2529,0.0
2536,0.0
2537,0.38685280723454163
2538,0.0
2543,0.0
2544,0.0
2549,0.0
2551,0.0
2552,0.0
2554,0.0
2560,0.7529716549381369
2571,0.0
2581,0.0
2586,0.0
2587,0.0
2589,0.0
2592,0.0
2593,0.0
2596,0.0
2608,0.8772153153380493
2611,0.0
2616,0.0
2618,0.0
2626,0.0
2631,0.0
2633,0.0
2637,0.0
2643,0.0
2649,0.0
2655,0.0
2662,0.0
2664,0.0
2666,0.0
2676,0.0
2678,0.0
2681,0.0
2682,0.0
2685,0.0
2707,0.0
2716,0.0
2717,0.0
2719,0.0
2720,0.0
2725,0.40298313359773236
2726,1.0
2728,0.0
2732,0.0
2739,0.0
2747,0.0
2749,0.0
2756,0.0
2759,0.0
2761,0.0
2762,0.0
2765,0.0
2767,0.0
2768,0.0
2771,0.0
2777,0.0
2781,0.0
2783,0.0
2791,0.0
2793,0.0
2794,0.0
2796,0.0
2812,0.0
2814,0.0
2815,0.6309297535714575
2816,0.0
2818,0.0
2820,0.0
2822,0.3562071871080222
2828,0.3333333333333333
2835,0.0
2840,0.46845052016107697
2842,0.0
2843,0.0
2850,0.0
2852,0.0
2853,0.0
2856,0.0
2858,0.0
2859,0.0
2861,0.0
2864,0.0
2865,0.0
2869,0.0
2870,0.0
2871,0.3010299956639812
2886,0.0
2888,0.0
2891,0.0
2893,0.0
2894,0.0
2896,0.3010299956639812
2898,0.0
2905,0.0
2906,0.0
2907,0.0
2911,0.0
2913,0.0
2914,1.0
2916,0.0
2918,1.0
2919,0.0
2923,0.0
2925,0.0
2927,0.0
2934,0.0
2940,0.0
2941,0.3010299956639812
2950,0.0
2955,0.0
2956,0.0
2958,0.0
2962,0.0
2970,0.0
2975,0.0
2977,0.0
2978,0.0
2981,0.0
2982,0.0
2985,0.0
2991,0.0
2998,0.0
2999,0.0
3002,0.0
3006,0.3562071871080222
3007,0.0
3009,0.0
3017,0.0
3023,0.0
3024,0.0
3026,0.0
3028,0.0
3030,0.0
3035,0.0
3036,0.0
3037,0.0
3045,0.0
3054,0.46845052016107697
3064,0.0
3066,0.0
3071,0.0
3078,0.0
3090,0.0
3091,0.0
3096,0.0
3097,0.0
3116,0.0
3119,0.0
3121,0.0
3122,0.0
3126,0.0
3127,0.0
3129,0.0
3130,0.0
3132,0.0
3136,0.0
3144,0.0
3145,0.0
3146,0.0
3148,0.0
3150,0.0
3152,0.0
3163,0.0
3165,0.0
3184,0.0
3191,0.0
3193,0.0
3198,0.0
3199,0.0
3200,0.0
3208,0.0
3209,0.0
3214,0.0
3219,0.0
3220,0.0
3222,0.0
3230,0.0
3257,0.6309297535714575
3260,0.8598410759517514
3262,0.0
3263,0.0
3267,0.31546487678572877
3270,0.0
3274,0.0
3280,0.0
3284,0.0
3286,0.0
3290,0.0
3301,0.0
3303,0.0
3309,0.0
3311,0.48381288316677695
3312,0.0
3314,0.0
3342,0.0
3358,0.0
3362,0.0
3363,0.0
3365,0.0
3367,0.0
3380,0.0
3394,0.0
3395,0.0
3397,0.0
3399,0.0
3400,0.0
3407,0.0
3411,0.0
3412,0.0
3413,0.0
3414,0.0
3416,0.0
3423,0.0
3424,0.0
3426,0.0
3427,0.0
3429,0.0
3430,0.0
3431,0.0
3433,0.0
3436,0.0
3439,0.3562071871080222
3453,0.0
3454,0.0
3456,0.0
3459,0.0
3464,0.0
3465,0.0
3466,0.0
3468,0.0
3476,0.0
3489,0.0
3495,0.0
3503,0.0
3506,0.0
3508,0.0
3518,0.0
3525,0.0
3527,0.0
3536,0.0
3538,0.0
3546,0.0
3547,0.0
3560,0.0
3561,0.0
3564,0.43067655807339306
3566,0.0
3567,0.0
3568,0.0
3569,0.0
3570,0.0
3573,0.0
3574,0.0
3587,0.0
3589,0.0
3596,0.0
3598,0.0
3599,0.0
3604,0.0
3609,0.0
3613,0.0
3616,0.2890648263178879
3634,0.0
3636,0.0
3644,0.0
3648,0.0
3649,0.0
3651,0.0
3671,0.0
3678,0.0
3679,0.0
3683,0.0
3684,0.0
3686,0.0
3690,0.0
3693,0.0
3698,0.0
3702,0.0
3704,0.0
3712,0.0
3725,0.0
3729,0.0
3735,0.0
3736,0.0
3738,0.0
3742,0.0
3748,0.0
3752,0.0
3758,0.0
3760,0.0
3762,0.0
3766,0.0
3767,0.0
3772,0.0
3773,0.0
3778,0.0
3788,0.0
3796,0.0
3797,0.0
3801,0.0
3803,0.0
3811,0.0
3812,1.0
3813,1.0
3814,0.0
3831,0.0
3836,0.0
3837,0.0
3844,0.0
3855,0.0
3857,0.0
3859,0.0
3861,0.0
3862,0.0
3866,0.0
3867,0.0
3868,0.0
3871,0.0
3880,0.38685280723454163
3884,0.0
3885,0.3333333333333333
3887,0.0
3895,0.0
3902,0.0
3905,0.0
3911,0.0
3914,0.0
3915,0.0
3920,0.0
3924,0.0
3927,0.0
3929,0.0
3935,0.31546487678572877
3939,0.0
3942,0.2890648263178879
3944,0.0
3950,0.0
3953,0.0
3967,0.0
3979,0.0
3984,0.0
3997,0.0
4000,0.0
4005,0.0
4007,0.0
4011,0.3562071871080222
4014,0.0
4018,0.0
4021,0.0
4022,0.0
4026,0.0
4039,0.0
4040,0.0
4041,0.0
4056,0.0
4061,0.0
4062,0.0
4063,0.0
4070,0.0
4076,0.0
4077,0.0
4080,0.0
4084,0.0
4091,0.0
4106,0.0
4109,0.43067655807339306
4112,0.0
4113,0.0
4114,0.0
4118,0.0
4131,0.0
4139,0.0
4140,0.0
4142,0.0
4143,0.0
4144,0.0
4145,0.0
4154,0.0
4159,0.0
4162,0.0
4168,0.0
4170,0.0
4176,0.0
4180,0.0
4181,0.2890648263178879
4192,0.0
4195,0.0
4205,0.0
4208,0.0
4212,1.0
4214,0.0
4215,0.0
4216,0.0
4219,0.0
4222,0.0
4232,0.0
4233,0.0
4236,0.0
4238,0.0
4240,0.0
4243,0.0
4245,0.0
4246,0.0
4254,0.0
4259,0.0
4261,0.0
4262,0.0
4264,0.0
4268,0.0
4281,0.0
4282,0.0
4285,0.0
4286,0.0
4287,0.0
4291,0.0
4292,0.0
4293,0.0
4294,0.0
4307,0.0
4309,0.3562071871080222
4314,0.0
4320,0.0
4323,0.0
4334,0.5
4337,0.0
4339,0.0
4340,0.0
4343,0.0
4350,0.0
4353,0.0
4359,0.0
4362,0.0
4371,0.0
4375,0.0
4389,0.0
4392,0.0
4397,0.0
4399,0.0
4401,0.0
4402,0.0
4411,0.0
4417,0.0
4418,0.0
4422,0.0
4428,0.0
4431,0.0
4453,0.0
4459,0.0
4474,0.3333333333333333
4481,0.0
4487,0.0
4498,0.0
4501,0.0
4502,0.0
4503,0.0
4504,0.0
4505,0.0
4507,0.0
4509,0.0
4518,0.0
4523,0.0
4524,0.0
4527,0.0
4529,0.0
4537,0.0
4539,0.0
4542,0.0
4547,0.0
4551,1.0
4553,0.0
4554,1.0
4559,0.0
4560,0.0
4566,0.0
4573,0.0
4576,0.0
4581,0.0
4587,0.0
4605,0.0
4608,0.0
4609,0.0
4618,0.0
4621,0.5
4629,0.0
4630,0.0
4632,0.0
4633,0.0
4637,0.0
4640,0.0
4641,0.0
4655,0.0
4657,0.0
4663,0.3010299956639812
4667,0.0
4669,0.2890648263178879
4671,0.0
4675,0.0
4684,0.0
4686,0.0
4699,0.0
4700,0.0
4701,0.0
4706,0.0
4717,0.0
4719,0.0
4724,0.0
4736,0.0
4740,0.0
4741,0.0
4744,0.0
4756,0.0
4761,0.0
4765,0.0
4766,0.0
4769,0.0
4781,0.0
4796,0.0
4803,0.0
4806,0.0
4810,0.0
4811,0.0
4815,0.0
4818,0.0
4829,0.0
4832,0.0
4834,0.0
4837,0.0
4839,0.0
4856,0.0
4867,0.0
4868,0.0
4869,0.0
4874,0.3562071871080222
4879,0.0
4883,0.0
4887,0.0
4888,0.0
4890,0.0
4891,0.0
4893,0.0
4894,0.0
4902,0.43067655807339306
4905,0.0
4910,0.0
4917,0.0
4929,0.0
4933,0.0
4935,0.0
4936,0.0
4941,0.0
4946,0.0
4959,0.0
4965,0.0
4968,0.0
4974,0.0
4991,0.0
4994,1.0
4995,0.0
4997,0.0
5002,0.0
5011,0.0
5012,0.0
5015,0.0
5016,0.0
5021,0.0
5026,0.0
5027,0.0
5029,0.0
5032,0.2890648263178879
5042,0.0
5043,0.0
5055,0.0
5059,0.0
5061,0.0
5063,0.0
5073,0.0
5074,0.0
5076,0.0
5089,0.5
5092,0.0
5093,0.0
5095,0.0
5096,0.0
5101,0.0
5103,0.38685280723454163
5113,0.0
5123,0.0
5126,0.0
5130,0.0
5131,0.0
5134,0.0
5138,0.0
5139,0.3010299956639812
5143,0.0
5144,0.0
5152,0.0
5157,0.0
5161,0.0
5162,0.0
5165,0.0
5170,0.0
5178,0.0
5180,0.0
5183,0.0
5187,0.0
5189,0.0
5190,0.0
5191,0.0
5200,0.0
5201,0.0
5207,0.0
5210,1.0
5212,0.0
5215,0.3010299956639812
5217,0.0
5228,0.0
5235,0.31546487678572877
5244,0.0
5251,0.0
5264,0.31546487678572877
5265,0.0
5266,0.0
5268,0.0
5269,0.0
5270,0.0
5271,0.0
5273,0.0
5277,0.0
5283,0.0
5288,0.0
5301,0.0
5305,0.0
5323,0.0
5324,0.0
5341,0.0
5343,0.0
5344,0.0
5347,0.0
5350,0.0
5361,0.0
5366,0.0
5371,0.0
5378,0.0
5382,0.0
5389,0.0
5391,0.0
5392,0.0
5394,0.0
5403,0.0
5404,0.0
5406,0.0
5407,0.0
5413,0.0
5420,0.0
5421,0.0
5423,0.4967432029864875
5446,0.0
5451,0.0
5453,0.0
5458,0.0
5467,0.0
5468,0.0
5472,0.0
5475,0.0
5483,0.0
5486,0.0
5490,0.0
5500,0.0
5504,0.0
5507,0.0
5515,0.0
5517,0.0
5527,0.0
5528,0.0
5529,0.0
5531,0.0
5534,0.0
5536,0.0
5541,0.0
5543,0.0
5545,0.0
5548,0.0
5557,0.0
5562,0.0
5566,0.0
5567,0.0
5577,0.0
5587,0.0
5589,0.0
5591,0.0
5604,0.0
5608,0.0
5626,0.0
5628,0.0
5630,0.0
5631,0.0
5637,0.0
5641,0.0
5647,0.0
5648,0.0
5655,0.0
5661,0.0
5663,0.0
5665,0.0
5666,0.0
5669,0.0
5673,0.0
5676,0.0
5680,0.0
5682,0.0
5684,0.0
5685,0.0
5688,0.0
5698,0.0
5709,0.0
5715,0.0
5719,0.0
5720,0.0
5726,0.0
